author,total_top15_conferences,last_affiliation,NeurIPS,ACL,CVPR,ECCV,EMNLP,IJCNLP,ICLR,WS,COLING,LREC,ICCV,SEMEVAL,ICML,RANLP,JEPTALNRECITAL,orcid,last_affiliation_country
Cordelia Schmid,98,Université Paris sciences et lettres,13.0,0.0,37.0,12.0,0.0,0.0,2.0,0.0,0.0,0.0,33.0,0.0,1.0,0.0,0.0,0,FR
Laurent Besacier,65,Université Grenoble Alpes,0.0,10.0,0.0,0.0,8.0,0.0,0.0,12.0,6.0,14.0,0.0,1.0,0.0,0.0,14.0,0,FR
Pierre Zweigenbaum,61,Université Paris-Saclay,0.0,3.0,0.0,0.0,2.0,1.0,0.0,17.0,3.0,20.0,0.0,0.0,0.0,0.0,15.0,0,FR
Francis Bach,48,Université Paris sciences et lettres,37.0,0.0,2.0,0.0,1.0,0.0,1.0,1.0,1.0,0.0,1.0,0.0,4.0,0.0,0.0,https://orcid.org/0000-0001-8644-1058,FR
Guillaume Wisniewski,48,Université Paris Cité,0.0,13.0,0.0,0.0,4.0,0.0,0.0,13.0,2.0,4.0,0.0,0.0,0.0,0.0,12.0,0,FR
Matthieu Cord,47,Sorbonne Université,10.0,0.0,20.0,3.0,0.0,0.0,2.0,0.0,0.0,0.0,12.0,0.0,0.0,0.0,0.0,https://orcid.org/0000-0002-0627-5844,FR
Olivier Ferret,47,Université Paris-Saclay,0.0,5.0,0.0,0.0,1.0,4.0,0.0,2.0,3.0,11.0,0.0,2.0,0.0,0.0,19.0,https://orcid.org/0000-0003-0755-2361,FR
Cyril Grouin,45,Université Paris-Saclay,0.0,0.0,0.0,0.0,1.0,1.0,0.0,12.0,1.0,14.0,0.0,2.0,0.0,1.0,13.0,0,FR
Beno{\^\i}t Sagot,43,Université Paris Cité,0.0,4.0,0.0,0.0,0.0,0.0,0.0,11.0,0.0,18.0,0.0,0.0,0.0,0.0,10.0,0,FR
Sophie Rosset,43,Université Paris-Saclay,0.0,3.0,0.0,0.0,0.0,0.0,0.0,6.0,5.0,15.0,0.0,1.0,0.0,1.0,12.0,https://orcid.org/0000-0002-6865-4989,FR
Natalia Grabar,42,Université de Lille,0.0,0.0,0.0,0.0,0.0,0.0,0.0,14.0,1.0,5.0,0.0,0.0,0.0,4.0,18.0,0,FR
Carlos Ramisch,39,Université Grenoble Alpes,0.0,5.0,0.0,0.0,1.0,1.0,0.0,14.0,8.0,7.0,0.0,1.0,0.0,0.0,2.0,0,FR
Emmanuel Morin,39,Nantes Université,0.0,3.0,0.0,0.0,0.0,3.0,0.0,4.0,7.0,8.0,0.0,0.0,0.0,0.0,14.0,https://orcid.org/0000-0001-8208-7039,FR
Julien Mairal,38,Université Grenoble Alpes,19.0,0.0,5.0,3.0,1.0,0.0,3.0,0.0,0.0,0.0,6.0,0.0,1.0,0.0,0.0,0,FR
Didier Schwab,36,Université Grenoble Alpes,0.0,5.0,0.0,0.0,1.0,0.0,0.0,5.0,2.0,5.0,0.0,3.0,0.0,0.0,15.0,0,FR
Xavier Tannier,35,Sorbonne Université,0.0,3.0,0.0,0.0,2.0,1.0,0.0,3.0,1.0,12.0,0.0,3.0,0.0,0.0,10.0,https://orcid.org/0000-0002-2452-8868,FR
Benoit Favre,32,Laboratoire d’Informatique Fondamentale de Marseille,0.0,6.0,0.0,0.0,2.0,0.0,0.0,6.0,1.0,8.0,0.0,1.0,0.0,0.0,8.0,0,FR
Thierry Hamon,32,Université Paris Cité,0.0,1.0,0.0,0.0,0.0,0.0,0.0,11.0,0.0,1.0,0.0,0.0,0.0,2.0,17.0,0,FR
Benjamin Lecouteux,31,Université Grenoble Alpes,0.0,2.0,0.0,0.0,1.0,0.0,0.0,8.0,0.0,6.0,0.0,0.0,0.0,0.0,14.0,0,FR
Thomas Lavergne,31,Université Paris Cité,0.0,1.0,0.0,0.0,2.0,0.0,0.0,13.0,1.0,6.0,0.0,0.0,0.0,0.0,8.0,https://orcid.org/0000-0002-0029-0015,FR
Nasredine Semmar,30,Université Paris-Saclay,0.0,5.0,0.0,0.0,1.0,2.0,0.0,7.0,2.0,4.0,0.0,0.0,0.0,2.0,7.0,https://orcid.org/0000-0002-3296-1557,FR
Philippe Muller,30,Université Paris-Saclay,0.0,2.0,0.0,0.0,4.0,0.0,1.0,3.0,4.0,6.0,0.0,3.0,0.0,0.0,7.0,0,FR
Vincent Claveau,30,Université de Rennes,0.0,1.0,0.0,0.0,0.0,0.0,0.0,4.0,3.0,6.0,0.0,0.0,0.0,1.0,15.0,0,FR
Agata Savary,28,Laboratoire Interdisciplinaire de Physique,0.0,1.0,0.0,0.0,0.0,0.0,0.0,7.0,9.0,7.0,0.0,0.0,0.0,0.0,4.0,0,FR
Amir Hazem,28,Nantes Université,0.0,1.0,0.0,0.0,0.0,3.0,0.0,3.0,4.0,10.0,0.0,0.0,0.0,3.0,4.0,0,FR
Khalid Choukri,28,Institut polytechnique de Paris,0.0,1.0,0.0,0.0,0.0,0.0,0.0,0.0,0.0,27.0,0.0,0.0,0.0,0.0,0.0,0,FR
Michalis Vazirgiannis,26,Institut polytechnique de Paris,1.0,8.0,0.0,0.0,6.0,1.0,3.0,4.0,1.0,2.0,0.0,0.0,0.0,0.0,0.0,https://orcid.org/0000-0001-5923-4440,FR
Rachel Bawden,26,Université Paris-Saclay,0.0,5.0,0.0,0.0,6.0,0.0,1.0,4.0,1.0,6.0,0.0,0.0,0.0,0.0,3.0,0,FR
Thierry Poibeau,26,Université Paris sciences et lettres,0.0,5.0,0.0,0.0,1.0,0.0,0.0,7.0,5.0,5.0,0.0,2.0,0.0,0.0,1.0,https://orcid.org/0000-0003-3669-4051,FR
Emmanuel Dupoux,25,Université Paris sciences et lettres,2.0,13.0,0.0,0.0,0.0,0.0,0.0,4.0,1.0,4.0,0.0,1.0,0.0,0.0,0.0,https://orcid.org/0000-0002-7814-2952,FR
Djam{\'e} Seddah,25,Sorbonne Université,0.0,2.0,0.0,0.0,0.0,0.0,0.0,11.0,1.0,7.0,0.0,1.0,0.0,0.0,3.0,0,FR
Patrick Paroubek,25,Université Paris-Saclay,0.0,0.0,0.0,0.0,2.0,0.0,0.0,4.0,0.0,12.0,0.0,0.0,0.0,0.0,7.0,0,FR
Jean Senellart,24,Université Paris Cité,0.0,2.0,0.0,0.0,7.0,1.0,0.0,9.0,2.0,0.0,0.0,0.0,0.0,1.0,2.0,0,FR
Florian Boudin,24,Nantes Université,0.0,4.0,0.0,0.0,1.0,2.0,0.0,4.0,2.0,4.0,0.0,0.0,0.0,0.0,7.0,0,FR
Fethi Bougares,24,Université Nantes Angers Le Mans,0.0,1.0,0.0,0.0,4.0,0.0,0.0,15.0,0.0,2.0,0.0,0.0,0.0,0.0,2.0,0,FR
Benjamin Marie,24,Sorbonne Université,0.0,7.0,0.0,0.0,5.0,1.0,0.0,11.0,0.0,0.0,0.0,0.0,0.0,0.0,0.0,https://orcid.org/0000-0001-9880-5541,FR
Maks Ovsjanikov,24,Institut polytechnique de Paris,2.0,0.0,13.0,2.0,0.0,0.0,0.0,0.0,0.0,0.0,7.0,0.0,0.0,0.0,0.0,https://orcid.org/0000-0002-5867-4046,FR
Isabelle Tellier,24,Sorbonne Université,0.0,1.0,0.0,0.0,1.0,0.0,0.0,1.0,0.0,6.0,0.0,0.0,0.0,1.0,14.0,0,FR
Martine Adda-Decker,24,Université Paris-Saclay,0.0,0.0,0.0,0.0,1.0,0.0,0.0,0.0,0.0,12.0,0.0,0.0,0.0,0.0,11.0,https://orcid.org/0000-0003-2154-7438,FR
Sylvain Kahane,24,Sorbonne Université,0.0,3.0,0.0,0.0,0.0,0.0,0.0,17.0,1.0,3.0,0.0,0.0,0.0,0.0,0.0,0,FR
Anne-Laure Ligozat,24,Université Paris-Saclay,0.0,1.0,0.0,0.0,1.0,0.0,0.0,2.0,1.0,7.0,0.0,1.0,0.0,0.0,11.0,0,FR
Panayotis Mertikopoulos,24,Université Grenoble Alpes,17.0,0.0,0.0,0.0,0.0,0.0,3.0,0.0,0.0,0.0,0.0,0.0,4.0,0.0,0.0,https://orcid.org/0000-0003-2026-9616,FR
Nicholas Asher,23,Université de Toulouse,0.0,2.0,0.0,0.0,3.0,2.0,0.0,6.0,2.0,3.0,0.0,1.0,0.0,0.0,4.0,https://orcid.org/0000-0002-7689-8246,FR
Nicolas Usunier,22,Sorbonne Université,11.0,0.0,0.0,1.0,2.0,0.0,4.0,0.0,0.0,0.0,1.0,0.0,3.0,0.0,0.0,https://orcid.org/0000-0002-9324-1457,FR
Philippe Blache,22,Université de Montpellier,0.0,1.0,0.0,0.0,2.0,0.0,0.0,6.0,1.0,6.0,0.0,1.0,0.0,0.0,5.0,https://orcid.org/0000-0002-5216-9591,FR
Frederic Bechet,22,French National Centre for Scientific Research,0.0,1.0,0.0,0.0,0.0,0.0,0.0,4.0,0.0,8.0,0.0,2.0,0.0,0.0,7.0,0,FR
Farah Benamara,22,Université de Toulouse,0.0,3.0,0.0,0.0,2.0,0.0,0.0,3.0,1.0,8.0,0.0,2.0,0.0,0.0,3.0,https://orcid.org/0000-0002-0685-1864,FR
Jean-Yves Antoine,22,Laboratory of Fundamental and Applied Computer Science of Tours,0.0,2.0,0.0,0.0,0.0,0.0,0.0,2.0,5.0,5.0,0.0,0.0,0.0,0.0,8.0,0,FR
Elena Cabrio,22,Université Côte d'Azur,0.0,2.0,0.0,0.0,1.0,0.0,0.0,4.0,3.0,4.0,0.0,1.0,0.0,6.0,1.0,https://orcid.org/0000-0001-9374-7872,FR
Florian Bernard,21,Centre Hospitalier Universitaire d'Angers,1.0,0.0,16.0,1.0,0.0,0.0,0.0,0.0,0.0,0.0,3.0,0.0,0.0,0.0,0.0,https://orcid.org/0000-0003-2691-3871,FR
Josep Crego,21,Université Paris-Saclay,0.0,2.0,0.0,0.0,6.0,1.0,0.0,7.0,2.0,0.0,0.0,0.0,0.0,1.0,2.0,0,FR
Olivier Galibert,21,Université Grenoble Alpes,0.0,0.0,0.0,0.0,1.0,0.0,0.0,3.0,3.0,9.0,0.0,0.0,0.0,0.0,5.0,0,FR
Nabil Hathout,21,Université de Toulouse,0.0,2.0,0.0,0.0,0.0,0.0,0.0,4.0,1.0,8.0,0.0,0.0,0.0,0.0,6.0,https://orcid.org/0000-0003-4492-171X,FR
Hervé Jégou,20,Université de Rennes,4.0,0.0,3.0,0.0,1.0,0.0,5.0,0.0,0.0,0.0,5.0,0.0,2.0,0.0,0.0,0,FR
Patrick Gallinari,20,Sorbonne Université,4.0,2.0,0.0,0.0,4.0,1.0,7.0,0.0,0.0,0.0,0.0,0.0,1.0,0.0,1.0,0,FR
Joseph Le Roux,20,Institut de la Main,0.0,5.0,0.0,0.0,4.0,0.0,0.0,4.0,2.0,0.0,0.0,2.0,0.0,0.0,3.0,0,FR
Ludovic Tanguy,20,Université de Toulouse,0.0,1.0,0.0,0.0,1.0,0.0,0.0,2.0,1.0,5.0,0.0,1.0,0.0,0.0,9.0,0,FR
Delphine Charlet,20,Orange (France),0.0,0.0,0.0,0.0,0.0,0.0,0.0,1.0,0.0,5.0,0.0,1.0,0.0,0.0,13.0,0,FR
Dominique Fohr,20,Strasbourg/Lorraine,0.0,3.0,0.0,0.0,1.0,0.0,0.0,2.0,2.0,7.0,0.0,0.0,0.0,0.0,5.0,0,FR
Damien Lolive,20,Université de Rennes,1.0,1.0,0.0,0.0,0.0,0.0,0.0,0.0,1.0,6.0,0.0,0.0,0.0,0.0,11.0,0,FR
Alexandre Gramfort,19,Institut polytechnique de Paris,13.0,0.0,0.0,0.0,1.0,0.0,2.0,0.0,0.0,0.0,0.0,0.0,3.0,0.0,0.0,https://orcid.org/0000-0001-9791-4404,FR
Gabriel Synnaeve,19,Université Grenoble Alpes,7.0,0.0,0.0,1.0,0.0,0.0,6.0,0.0,1.0,0.0,2.0,0.0,2.0,0.0,0.0,0,FR
Nicolas Thome,19,Sorbonne Université,7.0,0.0,7.0,1.0,0.0,0.0,2.0,0.0,0.0,0.0,2.0,0.0,0.0,0.0,0.0,https://orcid.org/0000-0003-4871-3045,FR
Matthieu Labeau,19,Institut polytechnique de Paris,0.0,2.0,0.0,0.0,5.0,1.0,1.0,3.0,2.0,2.0,0.0,0.0,0.0,0.0,3.0,0,FR
Kim Gerdes,19,Université Paris-Saclay,0.0,1.0,0.0,0.0,0.0,0.0,0.0,14.0,0.0,3.0,0.0,0.0,0.0,0.0,1.0,0,FR
Francis R. Bach,19,Université Paris sciences et lettres,19.0,0.0,0.0,0.0,0.0,0.0,0.0,0.0,0.0,0.0,0.0,0.0,0.0,0.0,0.0,https://orcid.org/0000-0001-8644-1058,FR
Benoît Sagot,19,Université Paris Cité,0.0,8.0,0.0,0.0,1.0,0.0,0.0,1.0,0.0,9.0,0.0,0.0,0.0,0.0,0.0,0,FR
Zaid Harchaoui,18,Université Grenoble Alpes,8.0,0.0,6.0,0.0,0.0,0.0,0.0,0.0,0.0,0.0,2.0,0.0,2.0,0.0,0.0,https://orcid.org/0000-0003-1186-1343,FR
Karteek Alahari,18,Université Grenoble Alpes,2.0,0.0,7.0,3.0,0.0,0.0,0.0,0.0,0.0,0.0,5.0,0.0,1.0,0.0,0.0,0,FR
Mathieu Aubry,18,Université Gustave Eiffel,4.0,0.0,8.0,4.0,0.0,0.0,0.0,0.0,0.0,0.0,2.0,0.0,0.0,0.0,0.0,0,FR
Guohong Fu,18,Sorbonne Université,0.0,6.0,0.0,0.0,3.0,0.0,0.0,3.0,6.0,0.0,0.0,0.0,0.0,0.0,0.0,https://orcid.org/0000-0002-6391-5983,FR
Patrice Bellot,18,Aix-Marseille University,0.0,2.0,0.0,0.0,0.0,0.0,0.0,0.0,0.0,3.0,0.0,8.0,0.0,0.0,5.0,https://orcid.org/0000-0001-8698-5055,FR
Caroline Brun,18,Théorie et Histoire des Arts et des Littératures de la Modernité,0.0,2.0,0.0,0.0,1.0,0.0,0.0,4.0,2.0,1.0,0.0,2.0,0.0,0.0,6.0,https://orcid.org/0000-0002-5563-6765,FR
Anne Vilnat,18,Institut polytechnique de Paris,0.0,1.0,0.0,0.0,1.0,0.0,0.0,0.0,2.0,7.0,0.0,1.0,0.0,0.0,6.0,0,FR
Brigitte Grau,18,Université Paris-Saclay,0.0,0.0,0.0,0.0,1.0,2.0,0.0,3.0,0.0,4.0,0.0,1.0,0.0,0.0,7.0,0,FR
Nathalie Camelin,18,Le Mans Université,0.0,0.0,0.0,0.0,0.0,0.0,0.0,1.0,0.0,10.0,0.0,0.0,0.0,0.0,7.0,0,FR
Delphine Bernhard,18,Strasbourg/Lorraine,0.0,0.0,0.0,0.0,0.0,0.0,0.0,1.0,1.0,5.0,0.0,1.0,0.0,0.0,10.0,0,FR
Davide Buscaldi,17,Sorbonne Université,0.0,0.0,0.0,0.0,1.0,0.0,0.0,1.0,0.0,2.0,0.0,8.0,0.0,0.0,5.0,https://orcid.org/0000-0003-1112-3789,FR
Thierry Charnois,17,Sorbonne Université,0.0,2.0,0.0,0.0,1.0,0.0,0.0,1.0,0.0,1.0,0.0,2.0,0.0,1.0,9.0,https://orcid.org/0000-0001-9700-5075,FR
Maria Mitrofan,17,Nantes Université,0.0,3.0,0.0,0.0,1.0,0.0,0.0,3.0,3.0,5.0,0.0,0.0,0.0,2.0,0.0,0,FR
Marco Dinarelli,17,Université Grenoble Alpes,0.0,2.0,0.0,0.0,0.0,0.0,0.0,2.0,1.0,6.0,0.0,0.0,0.0,0.0,6.0,0,FR
Odalric-Ambrym Maillard,17,Université de Lille,13.0,0.0,0.0,0.0,0.0,0.0,1.0,0.0,0.0,0.0,0.0,0.0,3.0,0.0,0.0,0,FR
Brigitte Bigi,17,Université Grenoble Alpes,0.0,0.0,0.0,0.0,0.0,0.0,0.0,2.0,0.0,10.0,0.0,0.0,0.0,0.0,5.0,0,FR
François Yvon,17,Institut polytechnique de Paris,0.0,5.0,0.0,0.0,9.0,0.0,0.0,1.0,0.0,2.0,0.0,0.0,0.0,0.0,0.0,https://orcid.org/0000-0002-7972-7442,FR
Ludovic Denoyer,16,Sorbonne Université,3.0,1.0,1.0,0.0,2.0,0.0,6.0,1.0,0.0,0.0,0.0,0.0,2.0,0.0,0.0,0,FR
Loïc Barrault,16,Le Mans Université,0.0,6.0,0.0,0.0,4.0,0.0,0.0,5.0,0.0,1.0,0.0,0.0,0.0,0.0,0.0,https://orcid.org/0000-0002-0634-6147,FR
Christophe Servan,16,Institut Universitaire de France,0.0,1.0,0.0,0.0,1.0,0.0,0.0,2.0,3.0,1.0,0.0,0.0,0.0,1.0,7.0,0,FR
Maximin Coavoux,16,Université Grenoble Alpes,0.0,9.0,0.0,0.0,1.0,0.0,0.0,1.0,0.0,1.0,0.0,0.0,0.0,0.0,4.0,https://orcid.org/0000-0003-4089-4558,FR
Pascal Denis,16,Université Paris sciences et lettres,0.0,5.0,0.0,0.0,4.0,0.0,0.0,1.0,4.0,0.0,0.0,0.0,0.0,0.0,2.0,0,FR
Nadi Tomeh,16,Université Paris Cité,0.0,7.0,0.0,0.0,0.0,1.0,0.0,2.0,2.0,1.0,0.0,1.0,0.0,0.0,2.0,0,FR
Manel Zarrouk,16,Sorbonne Université,0.0,2.0,0.0,0.0,0.0,0.0,0.0,3.0,1.0,4.0,0.0,1.0,0.0,1.0,4.0,https://orcid.org/0000-0002-8160-5671,FR
Irina Illina,16,Strasbourg/Lorraine,0.0,3.0,0.0,0.0,1.0,0.0,0.0,1.0,1.0,5.0,0.0,0.0,0.0,0.0,5.0,0,FR
Johannes Heinecke,16,Orange (France),0.0,5.0,0.0,0.0,0.0,0.0,0.0,5.0,0.0,3.0,0.0,1.0,0.0,0.0,2.0,0,FR
Victoria Arranz,16,Evaluations and Language resources Distribution Agency,0.0,1.0,0.0,0.0,0.0,0.0,0.0,0.0,0.0,15.0,0.0,0.0,0.0,0.0,0.0,0,FR
Yoann Dupont,16,Sorbonne Université,0.0,2.0,0.0,0.0,0.0,0.0,0.0,0.0,0.0,2.0,0.0,0.0,0.0,1.0,11.0,0,FR
Stamatios Georgoulis,15,Huawei Technologies (France),1.0,0.0,4.0,3.0,0.0,0.0,2.0,0.0,0.0,0.0,4.0,0.0,1.0,0.0,0.0,0,FR
Charles Herrmann,15,Université Paris Cité,2.0,0.0,7.0,3.0,0.0,0.0,0.0,0.0,0.0,0.0,3.0,0.0,0.0,0.0,0.0,0,FR
Christian Boitet,15,Université Grenoble Alpes,0.0,0.0,0.0,0.0,0.0,0.0,0.0,5.0,6.0,0.0,0.0,0.0,0.0,0.0,4.0,0,FR
Laurence Danlos,15,Université Paris Cité,0.0,0.0,0.0,0.0,0.0,0.0,0.0,5.0,1.0,2.0,0.0,0.0,0.0,0.0,7.0,0,FR
Joseph Mariani,15,Université Paris-Saclay,0.0,0.0,0.0,0.0,0.0,0.0,0.0,2.0,0.0,13.0,0.0,0.0,0.0,0.0,0.0,0,FR
Michael Filhol,15,Université Paris-Saclay,0.0,0.0,0.0,0.0,0.0,0.0,0.0,0.0,0.0,12.0,0.0,0.0,0.0,0.0,3.0,https://orcid.org/0000-0002-3389-0412,FR
Solange Rossato,15,Université Grenoble Alpes,0.0,2.0,0.0,0.0,0.0,0.0,0.0,2.0,0.0,4.0,0.0,0.0,0.0,0.0,7.0,https://orcid.org/0000-0002-4698-774X,FR
Delphine Battistelli,15,Université Paris Cité,0.0,0.0,0.0,0.0,0.0,0.0,0.0,3.0,1.0,4.0,0.0,0.0,0.0,1.0,6.0,0,FR
Iris Eshkol-Taravella,15,Modèles Dynamiques Corpus,0.0,0.0,0.0,0.0,0.0,0.0,0.0,0.0,0.0,4.0,0.0,0.0,0.0,0.0,11.0,0,FR
Chloé Clavel,14,Institut polytechnique de Paris,1.0,2.0,0.0,0.0,3.0,1.0,0.0,0.0,2.0,4.0,0.0,0.0,1.0,0.0,0.0,https://orcid.org/0000-0003-4850-3398,FR
Michael Arbel,14,Université Grenoble Alpes,6.0,0.0,2.0,0.0,0.0,0.0,6.0,0.0,0.0,0.0,0.0,0.0,0.0,0.0,0.0,0,FR
Spyros Gidaris,14,Valeo (France),1.0,0.0,8.0,2.0,0.0,0.0,1.0,0.0,0.0,0.0,2.0,0.0,0.0,0.0,0.0,https://orcid.org/0000-0003-1515-3635,FR
Edmond Boyer,14,Université Grenoble Alpes,0.0,0.0,10.0,2.0,0.0,0.0,0.0,0.0,0.0,0.0,2.0,0.0,0.0,0.0,0.0,0,FR
Vianney Perchet,14,Institut polytechnique de Paris,14.0,0.0,0.0,0.0,0.0,0.0,0.0,0.0,0.0,0.0,0.0,0.0,0.0,0.0,0.0,0,FR
Ariadna Quattoni,14,Xerox (France),1.0,5.0,1.0,0.0,3.0,1.0,0.0,2.0,1.0,0.0,0.0,0.0,0.0,0.0,0.0,0,FR
Stéphane Lathuilière,14,Institut polytechnique de Paris,1.0,0.0,5.0,3.0,0.0,0.0,0.0,0.0,0.0,0.0,5.0,0.0,0.0,0.0,0.0,https://orcid.org/0000-0001-6927-8930,FR
Antoine Doucet,14,University of La Rochelle,0.0,5.0,0.0,0.0,0.0,0.0,0.0,3.0,3.0,2.0,0.0,0.0,0.0,0.0,1.0,https://orcid.org/0000-0001-6160-3356,FR
Guy Lapalme,14,Département d'Informatique,0.0,4.0,0.0,0.0,0.0,0.0,0.0,7.0,0.0,0.0,0.0,0.0,0.0,0.0,3.0,0,FR
Damien Nouvel,14,Institut National des Langues et Civilisations Orientales,0.0,1.0,0.0,0.0,0.0,1.0,0.0,3.0,0.0,2.0,0.0,1.0,0.0,0.0,6.0,0,FR
Richard Dufour,14,Université Paris Cité,0.0,0.0,0.0,0.0,1.0,0.0,0.0,0.0,0.0,4.0,0.0,0.0,0.0,0.0,9.0,0,FR
Djamé Seddah,14,Sorbonne Université,0.0,10.0,0.0,0.0,2.0,0.0,0.0,1.0,0.0,1.0,0.0,0.0,0.0,0.0,0.0,0,FR
Pierre-Yves Oudeyer,13,Institut polytechnique de Paris,4.0,1.0,0.0,0.0,0.0,0.0,5.0,0.0,0.0,0.0,0.0,0.0,3.0,0.0,0.0,0,FR
Gül Varol,13,Université Gustave Eiffel,0.0,0.0,5.0,2.0,0.0,0.0,0.0,0.0,0.0,0.0,6.0,0.0,0.0,0.0,0.0,https://orcid.org/0000-0002-8438-6152,FR
Lina Rojas-Barahona,13,Strasbourg/Lorraine,0.0,6.0,0.0,0.0,0.0,0.0,0.0,6.0,0.0,0.0,0.0,0.0,0.0,0.0,1.0,0,FR
Gabriel Peyré,13,Université Paris sciences et lettres,12.0,0.0,0.0,0.0,0.0,0.0,0.0,0.0,0.0,0.0,0.0,0.0,1.0,0.0,0.0,https://orcid.org/0000-0002-4477-0387,FR
Eric Moulines,13,Institut polytechnique de Paris,12.0,0.0,0.0,0.0,0.0,0.0,0.0,0.0,0.0,0.0,0.0,0.0,1.0,0.0,0.0,0,FR
Serena Villata,13,Université Côte d'Azur,0.0,3.0,0.0,0.0,1.0,0.0,0.0,3.0,1.0,4.0,0.0,0.0,0.0,1.0,0.0,0,FR
Guillaume Gravier,13,Université de Rennes,0.0,0.0,0.0,0.0,1.0,0.0,0.0,1.0,0.0,4.0,0.0,0.0,0.0,2.0,5.0,https://orcid.org/0000-0002-2266-5682,FR
Mathieu Roche,13,Université de Montpellier,0.0,2.0,0.0,0.0,1.0,0.0,0.0,0.0,0.0,7.0,0.0,0.0,0.0,0.0,3.0,https://orcid.org/0000-0003-3272-8568,FR
Thomas Moreau,12,Université Paris Cité,5.0,0.0,0.0,0.0,0.0,0.0,5.0,0.0,0.0,0.0,0.0,0.0,2.0,0.0,0.0,https://orcid.org/0009-0000-2965-0400,FR
Nicolas Vayatis,12,Université Paris-Saclay,8.0,0.0,0.0,0.0,0.0,0.0,1.0,0.0,0.0,0.0,0.0,0.0,3.0,0.0,0.0,https://orcid.org/0000-0003-4308-4681,FR
Ewa Kijak,12,Université de Rennes,0.0,1.0,2.0,0.0,0.0,0.0,1.0,0.0,2.0,3.0,0.0,0.0,0.0,0.0,3.0,https://orcid.org/0000-0003-0232-1097,FR
Guillaume Bouchard,12,Université Paris-Saclay,2.0,0.0,0.0,0.0,4.0,1.0,0.0,3.0,1.0,0.0,0.0,1.0,0.0,0.0,0.0,0,FR
Philippe Thomas,12,Hôpital Nord,0.0,2.0,0.0,0.0,2.0,0.0,0.0,3.0,0.0,3.0,0.0,1.0,0.0,1.0,0.0,https://orcid.org/0000-0002-3305-6989,FR
Stergos Afantenos,12,Université de Toulouse,0.0,1.0,0.0,0.0,1.0,0.0,0.0,1.0,2.0,4.0,0.0,2.0,0.0,0.0,1.0,0,FR
Gilles Adda,12,Université Paris-Saclay,0.0,0.0,0.0,0.0,1.0,0.0,0.0,0.0,0.0,9.0,0.0,0.0,0.0,0.0,2.0,0,FR
Anne-Lyse Minard,12,Université de Rennes,0.0,0.0,0.0,0.0,0.0,0.0,0.0,2.0,2.0,3.0,0.0,2.0,0.0,0.0,3.0,https://orcid.org/0000-0001-6197-0463,FR
Franck Burlot,12,Université Paris-Saclay,0.0,0.0,0.0,0.0,0.0,0.0,0.0,10.0,0.0,0.0,0.0,0.0,0.0,0.0,2.0,0,FR
Patrick Saint-Dizier,12,Université de Toulouse,0.0,0.0,0.0,0.0,0.0,0.0,0.0,4.0,1.0,7.0,0.0,0.0,0.0,0.0,0.0,0,FR
Laurent Romary,12,Université Paris sciences et lettres,0.0,3.0,0.0,0.0,0.0,0.0,0.0,1.0,0.0,5.0,0.0,0.0,0.0,2.0,1.0,https://orcid.org/0000-0002-0756-0508,FR
Sahar Ghannay,12,Université Paris-Saclay,0.0,0.0,0.0,0.0,1.0,0.0,0.0,3.0,2.0,4.0,0.0,1.0,0.0,0.0,1.0,https://orcid.org/0000-0002-7531-2522,FR
Lori Lamel,12,Université Paris-Saclay,0.0,0.0,0.0,0.0,0.0,0.0,0.0,0.0,0.0,9.0,0.0,0.0,0.0,0.0,3.0,https://orcid.org/0000-0001-7443-9938,FR
Corinne Fredouille,12,Laboratoire Informatique d'Avignon,0.0,0.0,0.0,0.0,0.0,0.0,0.0,0.0,0.0,6.0,0.0,0.0,0.0,0.0,6.0,0,FR
Juliette Kahn,12,Université Grenoble Alpes,0.0,0.0,0.0,0.0,0.0,0.0,0.0,1.0,1.0,6.0,0.0,0.0,0.0,0.0,4.0,0,FR
Adrien Bartoli,12,Université Clermont Auvergne,0.0,0.0,8.0,2.0,0.0,0.0,0.0,0.0,0.0,0.0,2.0,0.0,0.0,0.0,0.0,https://orcid.org/0000-0003-3545-7329,FR
Dhouha Bouamor,12,Atomic Energy and Alternative Energies Commission,0.0,1.0,0.0,0.0,1.0,1.0,0.0,3.0,0.0,3.0,0.0,0.0,0.0,0.0,3.0,0,FR
Michel Vacher,12,Université Grenoble Alpes,0.0,0.0,0.0,0.0,0.0,0.0,0.0,3.0,0.0,4.0,0.0,0.0,0.0,0.0,5.0,0,FR
Mohamed Morchid,11,Laboratoire Informatique d'Avignon,0.0,0.0,0.0,0.0,1.0,0.0,1.0,0.0,0.0,2.0,0.0,0.0,0.0,0.0,7.0,0,FR
Olivier Bousquet,11,Laboratoire de l'Atmosphère et des Cyclones,8.0,0.0,0.0,0.0,0.0,0.0,3.0,0.0,0.0,0.0,0.0,0.0,0.0,0.0,0.0,https://orcid.org/0000-0002-2567-2079,FR
Xavier Alameda-Pineda,11,Université Grenoble Alpes,1.0,0.0,9.0,1.0,0.0,0.0,0.0,0.0,0.0,0.0,0.0,0.0,0.0,0.0,0.0,https://orcid.org/0000-0002-5354-1084,FR
Florian Strub,11,Université de Lille,3.0,1.0,1.0,1.0,1.0,0.0,2.0,0.0,0.0,0.0,1.0,0.0,1.0,0.0,0.0,https://orcid.org/0000-0001-7271-5345,FR
Lina M. Rojas-Barahona,11,Strasbourg/Lorraine,0.0,4.0,0.0,0.0,1.0,0.0,0.0,3.0,0.0,3.0,0.0,0.0,0.0,0.0,0.0,0,FR
Nathalie Aussenac-Gilles,11,Université de Toulouse,0.0,1.0,0.0,0.0,0.0,1.0,0.0,2.0,0.0,1.0,0.0,2.0,0.0,0.0,4.0,https://orcid.org/0000-0003-3653-3223,FR
Lauriane Aufrant,11,Laboratoire d'Informatique pour la Mécanique et les Sciences de l'Ingénieur,0.0,3.0,0.0,0.0,0.0,0.0,0.0,3.0,2.0,1.0,0.0,0.0,0.0,0.0,2.0,0,FR
Magalie Ochs,11,Sorbonne Université,0.0,0.0,0.0,0.0,0.0,0.0,0.0,0.0,1.0,7.0,0.0,1.0,0.0,0.0,2.0,0,FR
Denis Jouvet,11,Strasbourg/Lorraine,0.0,0.0,0.0,0.0,0.0,0.0,0.0,2.0,0.0,3.0,0.0,0.0,0.0,0.0,6.0,0,FR
Gil Francopoulo,11,Université Paris-Saclay,0.0,0.0,0.0,0.0,0.0,0.0,0.0,2.0,0.0,8.0,0.0,0.0,0.0,0.0,1.0,0,FR
Lionel Nicolas,11,Université Paris Cité,0.0,0.0,0.0,0.0,0.0,0.0,0.0,0.0,1.0,8.0,0.0,0.0,0.0,2.0,0.0,https://orcid.org/0000-0001-7237-1239,FR
Alain Ghio,11,Laboratoire Parole et Langage,0.0,0.0,0.0,0.0,0.0,0.0,0.0,0.0,0.0,5.0,0.0,0.0,0.0,0.0,6.0,https://orcid.org/0000-0001-7302-0799,FR
Gael Varoquaux,11,Institut polytechnique de Paris,10.0,1.0,0.0,0.0,0.0,0.0,0.0,0.0,0.0,0.0,0.0,0.0,0.0,0.0,0.0,0,FR
Sylvain Lamprier,11,Sorbonne Université,2.0,0.0,0.0,0.0,3.0,1.0,2.0,0.0,0.0,0.0,0.0,0.0,3.0,0.0,0.0,0,FR
Damien Sileo,11,Université de Lille,0.0,2.0,0.0,0.0,0.0,0.0,1.0,0.0,0.0,3.0,0.0,2.0,0.0,0.0,3.0,0,FR
Bassam Jabaian,11,Université Grenoble Alpes,0.0,0.0,0.0,0.0,0.0,0.0,0.0,1.0,0.0,4.0,0.0,0.0,0.0,0.0,6.0,0,FR
Renaud Marlet,11,Université Gustave Eiffel,0.0,0.0,5.0,3.0,0.0,0.0,0.0,0.0,0.0,0.0,3.0,0.0,0.0,0.0,0.0,0,FR
Antoine Laurent,11,Université de Toulouse,0.0,2.0,0.0,0.0,0.0,0.0,0.0,0.0,0.0,4.0,0.0,0.0,0.0,0.0,5.0,https://orcid.org/0000-0002-2653-1008,FR
Benjamin Piwowarski,11,Sorbonne Université,2.0,2.0,0.0,0.0,4.0,2.0,0.0,0.0,0.0,0.0,0.0,0.0,1.0,0.0,0.0,https://orcid.org/0000-0001-6792-3262,FR
Jean Maillard,10,Université Paris-Saclay,0.0,6.0,0.0,0.0,1.0,0.0,1.0,2.0,0.0,0.0,0.0,0.0,0.0,0.0,0.0,0,FR
Romain Couillet,10,Université Grenoble Alpes,3.0,0.0,0.0,0.0,0.0,0.0,4.0,0.0,0.0,0.0,0.0,0.0,3.0,0.0,0.0,0,FR
Ignacio Rocco,10,Université Paris sciences et lettres,1.0,0.0,6.0,1.0,0.0,0.0,0.0,0.0,0.0,0.0,2.0,0.0,0.0,0.0,0.0,0,FR
Bertrand Thirion,10,Université Paris-Saclay,9.0,0.0,0.0,0.0,0.0,0.0,0.0,0.0,0.0,0.0,0.0,0.0,1.0,0.0,0.0,https://orcid.org/0000-0001-5018-7895,FR
Alain Rakotomamonjy,10,Institut National des Sciences Appliquées de Rouen,8.0,0.0,0.0,0.0,0.0,0.0,1.0,0.0,0.0,0.0,0.0,0.0,1.0,0.0,0.0,0,FR
Oliver Adams,10,Atos (France),0.0,2.0,0.0,0.0,1.0,0.0,0.0,4.0,0.0,2.0,0.0,0.0,0.0,0.0,1.0,https://orcid.org/0000-0002-5145-9589,FR
Michael Zock,10,Université Paris-Saclay,0.0,2.0,0.0,0.0,0.0,0.0,0.0,5.0,0.0,1.0,0.0,0.0,0.0,0.0,2.0,0,FR
Ran Levy,10,Institut polytechnique de Paris,0.0,2.0,0.0,0.0,1.0,1.0,0.0,2.0,3.0,1.0,0.0,0.0,0.0,0.0,0.0,0,FR
Catherine Pelachaud,10,Sorbonne Université,0.0,0.0,0.0,0.0,0.0,0.0,0.0,2.0,1.0,7.0,0.0,0.0,0.0,0.0,0.0,https://orcid.org/0000-0003-1008-0799,FR
Andon Tchechmedjiev,10,Institut polytechnique de Paris,0.0,0.0,0.0,0.0,1.0,0.0,0.0,2.0,1.0,0.0,0.0,1.0,0.0,0.0,5.0,0,FR
Jonathan Ginzburg,10,Université Paris Cité,0.0,1.0,0.0,0.0,0.0,0.0,0.0,6.0,0.0,3.0,0.0,0.0,0.0,0.0,0.0,https://orcid.org/0000-0001-5737-0991,FR
Pierre Magistry,10,Université Paris-Saclay,0.0,2.0,0.0,0.0,0.0,1.0,0.0,1.0,0.0,1.0,0.0,0.0,0.0,0.0,5.0,0,FR
Annelies Braffort,10,Université Paris-Saclay,0.0,0.0,0.0,0.0,0.0,0.0,0.0,0.0,0.0,8.0,0.0,0.0,0.0,0.0,2.0,https://orcid.org/0000-0003-4595-7714,FR
Alain Joubert,10,Université de Montpellier,0.0,1.0,0.0,0.0,0.0,0.0,0.0,1.0,0.0,1.0,0.0,0.0,0.0,3.0,4.0,0,FR
Abdellah Fourtassi,10,Laboratoire d’Informatique et Systèmes,0.0,4.0,0.0,0.0,3.0,0.0,0.0,3.0,0.0,0.0,0.0,0.0,0.0,0.0,0.0,https://orcid.org/0000-0003-0279-7730,FR
Gabriel Illouz,10,Université Paris-Saclay,0.0,1.0,0.0,0.0,0.0,0.0,0.0,1.0,1.0,2.0,0.0,0.0,0.0,0.0,5.0,0,FR
Olivier Hamon,10,Université Paris Cité,0.0,0.0,0.0,0.0,0.0,0.0,0.0,0.0,0.0,7.0,0.0,0.0,0.0,0.0,3.0,0,FR
Ioana Vasilescu,10,Université Paris-Saclay,0.0,0.0,0.0,0.0,0.0,0.0,0.0,0.0,0.0,7.0,0.0,0.0,0.0,0.0,3.0,https://orcid.org/0000-0003-3038-4503,FR
Emmanuel Ferragne,10,Université Paris Cité,0.0,0.0,0.0,0.0,0.0,0.0,0.0,0.0,0.0,0.0,0.0,0.0,0.0,0.0,10.0,0,FR
Gilles Puy,10,Valeo (France),0.0,0.0,6.0,1.0,0.0,0.0,0.0,0.0,0.0,0.0,3.0,0.0,0.0,0.0,0.0,0,FR
Maurizio Filippone,9,Université Côte d'Azur,7.0,0.0,0.0,0.0,0.0,0.0,0.0,0.0,0.0,0.0,0.0,0.0,2.0,0.0,0.0,0,FR
Pierre Gaillard,9,Université Paris-Saclay,8.0,0.0,0.0,0.0,0.0,0.0,0.0,0.0,0.0,0.0,0.0,0.0,1.0,0.0,0.0,0,FR
Christophe Gravier,9,Institut polytechnique de Paris,0.0,4.0,0.0,0.0,1.0,2.0,0.0,0.0,1.0,1.0,0.0,0.0,0.0,0.0,0.0,https://orcid.org/0000-0001-8586-6302,FR
Rémi Flamary,9,Institut polytechnique de Paris,6.0,0.0,0.0,1.0,0.0,0.0,2.0,0.0,0.0,0.0,0.0,0.0,0.0,0.0,0.0,0,FR
Nicolas Courty,9,University of Southern Brittany,5.0,0.0,0.0,1.0,0.0,0.0,3.0,0.0,0.0,0.0,0.0,0.0,0.0,0.0,0.0,0,FR
Alexandre d'Aspremont,9,Université Paris sciences et lettres,7.0,0.0,0.0,0.0,0.0,0.0,1.0,0.0,0.0,0.0,0.0,0.0,1.0,0.0,0.0,https://orcid.org/0000-0003-3851-216X,FR
Hussam Hamdan,9,Aix-Marseille University,0.0,0.0,0.0,0.0,0.0,0.0,0.0,0.0,0.0,1.0,0.0,8.0,0.0,0.0,0.0,0,FR
Alain Durmus,9,Institut polytechnique de Paris,9.0,0.0,0.0,0.0,0.0,0.0,0.0,0.0,0.0,0.0,0.0,0.0,0.0,0.0,0.0,0,FR
Gabriel Marzinotto,9,Institut polytechnique de Paris,0.0,2.0,0.0,0.0,0.0,0.0,0.0,0.0,0.0,3.0,0.0,1.0,0.0,0.0,3.0,0,FR
Eric Gaussier,9,Université Grenoble Alpes,3.0,2.0,0.0,0.0,0.0,0.0,0.0,1.0,2.0,0.0,0.0,0.0,0.0,0.0,1.0,https://orcid.org/0000-0002-8858-3233,FR
Pascal Amsili,9,Université Paris Cité,0.0,1.0,0.0,0.0,0.0,0.0,0.0,1.0,0.0,2.0,0.0,0.0,0.0,0.0,5.0,0,FR
Mickael Rouvier,9,Laboratoire Informatique d'Avignon,0.0,0.0,0.0,0.0,1.0,0.0,0.0,0.0,0.0,2.0,0.0,2.0,0.0,0.0,4.0,https://orcid.org/0000-0003-3541-3385,FR
Georgeta Bordea,9,Bordeaux Population Health,0.0,0.0,0.0,0.0,0.0,0.0,0.0,1.0,0.0,5.0,0.0,3.0,0.0,0.0,0.0,0,FR
Raheel Qader,9,Université de Rennes,0.0,2.0,0.0,0.0,1.0,0.0,0.0,3.0,0.0,1.0,0.0,0.0,0.0,0.0,2.0,0,FR
Nathalie Le Brun,9,Institut polytechnique de Paris,0.0,0.0,0.0,0.0,0.0,0.0,0.0,1.0,0.0,0.0,0.0,0.0,0.0,3.0,5.0,https://orcid.org/0000-0003-0708-2064,FR
Geraldine Damnati,9,Orange (France),0.0,1.0,0.0,0.0,0.0,0.0,0.0,3.0,0.0,2.0,0.0,1.0,0.0,0.0,2.0,0,FR
Solen Quiniou,9,Nantes Université,0.0,0.0,0.0,0.0,0.0,0.0,0.0,0.0,1.0,3.0,0.0,0.0,0.0,0.0,5.0,0,FR
Amalia Todirascu,9,Strasbourg/Lorraine,0.0,0.0,0.0,0.0,0.0,0.0,0.0,0.0,1.0,5.0,0.0,0.0,0.0,0.0,3.0,0,FR
Sylvain Meignier,9,Le Mans Université,0.0,1.0,0.0,0.0,0.0,0.0,0.0,0.0,0.0,4.0,0.0,0.0,0.0,0.0,4.0,0,FR
Laure Vieu,9,Université de Toulouse,0.0,0.0,0.0,0.0,0.0,0.0,0.0,3.0,0.0,5.0,0.0,1.0,0.0,0.0,0.0,0,FR
Ismail El Maarouf,9,Da Volterra (France),0.0,0.0,0.0,0.0,0.0,0.0,0.0,2.0,3.0,2.0,0.0,1.0,0.0,1.0,0.0,0,FR
Denis Maurel,9,Laboratory of Fundamental and Applied Computer Science of Tours,0.0,0.0,0.0,0.0,0.0,0.0,0.0,0.0,0.0,2.0,0.0,0.0,0.0,1.0,6.0,0,FR
Nicolas Audibert,9,Université Grenoble Alpes,0.0,0.0,0.0,0.0,0.0,0.0,0.0,0.0,0.0,2.0,0.0,0.0,0.0,0.0,7.0,https://orcid.org/0000-0003-3648-9322,FR
Hugo Touvron,9,Sorbonne Université,4.0,0.0,1.0,0.0,0.0,0.0,0.0,0.0,0.0,0.0,4.0,0.0,0.0,0.0,0.0,https://orcid.org/0000-0003-1678-392X,FR
Mathieu Constant,9,Strasbourg/Lorraine,0.0,1.0,0.0,0.0,0.0,0.0,0.0,3.0,1.0,1.0,0.0,0.0,0.0,0.0,3.0,0,FR
ShiZhe Chen,9,Université Paris sciences et lettres,1.0,0.0,5.0,0.0,0.0,0.0,0.0,0.0,0.0,0.0,3.0,0.0,0.0,0.0,0.0,https://orcid.org/0000-0002-7313-9703,FR
Thomas François,9,Sorbonne Université,0.0,2.0,0.0,0.0,0.0,0.0,0.0,0.0,0.0,5.0,0.0,0.0,0.0,2.0,0.0,https://orcid.org/0000-0003-1896-0774,FR
Anant Raj,8,Université Paris sciences et lettres,4.0,0.0,0.0,0.0,0.0,0.0,1.0,0.0,0.0,0.0,0.0,0.0,3.0,0.0,0.0,https://orcid.org/0000-0003-0671-1244,FR
Yann Ollivier,8,Institut polytechnique de Paris,2.0,0.0,0.0,0.0,0.0,0.0,5.0,0.0,0.0,0.0,0.0,0.0,1.0,0.0,0.0,0,FR
Philip Schulz,8,Institut polytechnique de Paris,0.0,5.0,0.0,0.0,0.0,1.0,0.0,0.0,1.0,0.0,0.0,1.0,0.0,0.0,0.0,https://orcid.org/0000-0002-8177-0108,FR
Edouard Pauwels,8,Université de Toulouse,8.0,0.0,0.0,0.0,0.0,0.0,0.0,0.0,0.0,0.0,0.0,0.0,0.0,0.0,0.0,https://orcid.org/0000-0002-8180-075X,FR
Tuan-Hung Vu,8,Université Paris sciences et lettres,1.0,0.0,3.0,0.0,0.0,0.0,0.0,0.0,0.0,0.0,4.0,0.0,0.0,0.0,0.0,0,FR
Gabriel Doyle,8,Sciences Po,0.0,6.0,0.0,0.0,0.0,0.0,0.0,1.0,1.0,0.0,0.0,0.0,0.0,0.0,0.0,0,FR
Julien Tourille,8,Université Paris-Saclay,0.0,2.0,0.0,0.0,0.0,0.0,0.0,1.0,0.0,1.0,0.0,2.0,0.0,0.0,2.0,https://orcid.org/0000-0003-4486-4364,FR
Liva Ralaivola,8,Université Paris sciences et lettres,5.0,1.0,0.0,0.0,0.0,0.0,0.0,0.0,1.0,0.0,0.0,0.0,1.0,0.0,0.0,0,FR
Thomas Gaillat,8,Université de Rennes,0.0,1.0,0.0,0.0,0.0,0.0,0.0,1.0,1.0,2.0,0.0,0.0,0.0,0.0,3.0,0,FR
Yannick Parmentier,8,Servier (France),0.0,0.0,0.0,0.0,0.0,0.0,0.0,3.0,1.0,0.0,0.0,0.0,0.0,0.0,4.0,0,FR
Emmanuel Schang,8,Laboratoire de Linguistique Formelle,0.0,1.0,0.0,0.0,0.0,0.0,0.0,2.0,0.0,2.0,0.0,0.0,0.0,0.0,3.0,0,FR
Robert Bossy,8,Université Paris-Saclay,0.0,0.0,0.0,0.0,0.0,0.0,0.0,7.0,0.0,1.0,0.0,0.0,0.0,0.0,0.0,https://orcid.org/0000-0001-6652-9319,FR
Vincent Berment,8,Université Grenoble Alpes,0.0,0.0,0.0,0.0,0.0,0.0,0.0,2.0,2.0,0.0,0.0,0.0,0.0,0.0,4.0,0,FR
Marcely Zanon Boito,8,Université Grenoble Alpes,0.0,2.0,0.0,0.0,1.0,0.0,0.0,0.0,0.0,5.0,0.0,0.0,0.0,0.0,0.0,0,FR
Marianne Vergez-Couret,8,University of Poitiers,0.0,0.0,0.0,0.0,0.0,0.0,0.0,3.0,1.0,3.0,0.0,0.0,0.0,0.0,1.0,0,FR
Julien Pinquier,8,Université de Toulouse,0.0,0.0,0.0,0.0,0.0,0.0,0.0,1.0,0.0,2.0,0.0,0.0,0.0,0.0,5.0,https://orcid.org/0000-0003-1556-1284,FR
Jean-Sebastien Franco,8,Université Grenoble Alpes,0.0,0.0,4.0,2.0,0.0,0.0,0.0,0.0,0.0,0.0,2.0,0.0,0.0,0.0,0.0,0,FR
Giulio Biroli,8,Université Paris sciences et lettres,6.0,0.0,0.0,0.0,0.0,0.0,0.0,0.0,0.0,0.0,0.0,0.0,2.0,0.0,0.0,https://orcid.org/0000-0003-4115-2644,FR
Franck Sajous,8,Université de Toulouse,0.0,0.0,0.0,0.0,0.0,0.0,0.0,1.0,0.0,4.0,0.0,0.0,0.0,0.0,3.0,https://orcid.org/0000-0001-9439-3658,FR
Fiammetta Namer,8,Strasbourg/Lorraine,0.0,0.0,0.0,0.0,0.0,0.0,0.0,2.0,0.0,3.0,0.0,0.0,0.0,0.0,3.0,https://orcid.org/0000-0002-6144-3011,FR
Elisabeth Delais-Roussarie,8,Nantes Université,0.0,0.0,0.0,0.0,0.0,0.0,0.0,0.0,0.0,1.0,0.0,0.0,0.0,0.0,7.0,https://orcid.org/0000-0002-4517-1503,FR
Christophe Savariaux,8,Université Grenoble Alpes,0.0,0.0,0.0,0.0,0.0,0.0,0.0,0.0,0.0,0.0,0.0,0.0,0.0,0.0,8.0,0,FR
Aina Garí Soler,8,Institut polytechnique de Paris,0.0,1.0,0.0,0.0,2.0,0.0,0.0,0.0,1.0,1.0,0.0,2.0,0.0,0.0,1.0,0,FR
Francois Bremond,8,Université Côte d'Azur,0.0,0.0,3.0,1.0,0.0,0.0,1.0,0.0,0.0,0.0,3.0,0.0,0.0,0.0,0.0,https://orcid.org/0000-0003-2988-2142,FR
Yannick Estève,8,Laboratoire Informatique d'Avignon,0.0,3.0,0.0,0.0,0.0,0.0,0.0,1.0,0.0,4.0,0.0,0.0,0.0,0.0,0.0,0,FR
Alexandre Boulch,8,Université Gustave Eiffel,0.0,0.0,4.0,1.0,0.0,0.0,1.0,0.0,0.0,0.0,2.0,0.0,0.0,0.0,0.0,0,FR
Aurélie Névéol,8,Université Paris-Saclay,0.0,2.0,0.0,0.0,3.0,0.0,0.0,0.0,0.0,3.0,0.0,0.0,0.0,0.0,0.0,0,FR
Gábor Bella,8,French National Centre for Scientific Research,0.0,5.0,0.0,0.0,0.0,0.0,0.0,0.0,0.0,3.0,0.0,0.0,0.0,0.0,0.0,0,FR
Joseph Salmon,7,Université de Montpellier,5.0,0.0,0.0,0.0,0.0,0.0,0.0,0.0,0.0,0.0,0.0,0.0,2.0,0.0,0.0,0,FR
Kevin Duarte,7,Strasbourg/Lorraine,2.0,0.0,2.0,0.0,0.0,0.0,1.0,0.0,0.0,0.0,2.0,0.0,0.0,0.0,0.0,https://orcid.org/0000-0002-0292-0498,FR
Stéphane Mallat,7,Université Paris sciences et lettres,1.0,0.0,1.0,0.0,0.0,0.0,5.0,0.0,0.0,0.0,0.0,0.0,0.0,0.0,0.0,https://orcid.org/0000-0001-5263-8960,FR
David Dohan,7,Université Paris Cité,1.0,0.0,1.0,0.0,0.0,0.0,4.0,0.0,0.0,0.0,0.0,0.0,1.0,0.0,0.0,0,FR
Herve Jegou,7,Université de Rennes,0.0,0.0,5.0,0.0,1.0,0.0,1.0,0.0,0.0,0.0,0.0,0.0,0.0,0.0,0.0,0,FR
Teddy Furon,7,Université de Rennes,1.0,0.0,4.0,0.0,0.0,0.0,0.0,0.0,0.0,0.0,2.0,0.0,0.0,0.0,0.0,0,FR
David Picard,7,Université Gustave Eiffel,0.0,0.0,2.0,1.0,0.0,0.0,1.0,0.0,0.0,0.0,3.0,0.0,0.0,0.0,0.0,https://orcid.org/0000-0002-6296-4222,FR
Arthur Mensch,7,Université Paris Cité,5.0,0.0,0.0,0.0,0.0,0.0,0.0,0.0,0.0,0.0,0.0,0.0,2.0,0.0,0.0,https://orcid.org/0000-0003-1007-636X,FR
Olivier Kraif,7,Université Grenoble Alpes,0.0,0.0,0.0,0.0,0.0,0.0,0.0,1.0,2.0,1.0,0.0,0.0,0.0,0.0,3.0,0,FR
Rémi Bardenet,7,Université de Lille,5.0,0.0,0.0,0.0,0.0,0.0,0.0,0.0,0.0,0.0,0.0,0.0,2.0,0.0,0.0,0,FR
Rémy Degenne,7,Université de Lille,5.0,0.0,0.0,0.0,0.0,0.0,0.0,0.0,0.0,0.0,0.0,0.0,2.0,0.0,0.0,0,FR
Othman Zennaki,7,Grenoble Computer Science Laboratory,0.0,2.0,0.0,0.0,0.0,0.0,0.0,0.0,1.0,0.0,0.0,0.0,0.0,1.0,3.0,0,FR
Bruno Scherrer,7,Université Grenoble Alpes,6.0,0.0,0.0,0.0,0.0,0.0,0.0,0.0,0.0,0.0,0.0,0.0,1.0,0.0,0.0,https://orcid.org/0000-0001-6097-4489,FR
Mathieu Mangeot,7,Nantes Université,0.0,0.0,0.0,0.0,0.0,0.0,0.0,2.0,1.0,2.0,0.0,0.0,0.0,0.0,2.0,0,FR
Caio Corro,7,Université Paris-Saclay,0.0,2.0,0.0,0.0,2.0,0.0,1.0,1.0,0.0,0.0,0.0,0.0,0.0,0.0,1.0,0,FR
Philippe Preux,7,Université de Lille,2.0,0.0,0.0,1.0,0.0,0.0,4.0,0.0,0.0,0.0,0.0,0.0,0.0,0.0,0.0,https://orcid.org/0000-0002-2171-2977,FR
Samuel Humeau,7,École Normale Supérieure de Lyon,0.0,1.0,1.0,0.0,1.0,2.0,1.0,1.0,0.0,0.0,0.0,0.0,0.0,0.0,0.0,0,FR
Konstantin Mishchenko,7,French Institute for Research in Computer Science and Automation,4.0,0.0,0.0,0.0,0.0,0.0,1.0,0.0,0.0,0.0,0.0,0.0,2.0,0.0,0.0,https://orcid.org/0000-0002-5241-7292,FR
Mathieu Dehouck,7,Université de Lille,0.0,3.0,0.0,0.0,1.0,0.0,0.0,1.0,1.0,1.0,0.0,0.0,0.0,0.0,0.0,0,FR
Olga Seminck,7,Université Paris sciences et lettres,0.0,1.0,0.0,0.0,0.0,0.0,0.0,1.0,1.0,1.0,0.0,0.0,0.0,0.0,3.0,https://orcid.org/0000-0003-4617-5992,FR
Caroline Pasquer,7,"Bases, Corpus, Langage",0.0,1.0,0.0,0.0,0.0,0.0,0.0,0.0,4.0,0.0,0.0,0.0,0.0,0.0,2.0,0,FR
Gilbert Badaro,7,EURECOM,0.0,0.0,0.0,0.0,0.0,0.0,0.0,4.0,0.0,0.0,0.0,3.0,0.0,0.0,0.0,0,FR
Brij Mohan Lal Srivastava,7,Université de Lille,0.0,1.0,0.0,0.0,0.0,0.0,0.0,3.0,0.0,3.0,0.0,0.0,0.0,0.0,0.0,https://orcid.org/0000-0001-7531-7123,FR
Josiane Mothe,7,Université de Toulouse,0.0,0.0,0.0,0.0,0.0,0.0,0.0,0.0,1.0,3.0,0.0,1.0,0.0,0.0,2.0,https://orcid.org/0000-0001-9273-2193,FR
Yannick Toussaint,7,Strasbourg/Lorraine,0.0,0.0,0.0,0.0,2.0,0.0,1.0,2.0,0.0,2.0,0.0,0.0,0.0,0.0,0.0,0,FR
David Langlois,7,Université Paris Cité,0.0,0.0,0.0,0.0,0.0,0.0,0.0,5.0,0.0,1.0,0.0,0.0,0.0,0.0,1.0,0,FR
Lucie Barque,7,Sorbonne Université,0.0,0.0,0.0,0.0,0.0,0.0,0.0,2.0,1.0,2.0,0.0,1.0,0.0,0.0,1.0,0,FR
Albert Rilliard,7,Université Paris-Saclay,0.0,0.0,0.0,0.0,0.0,0.0,0.0,0.0,0.0,4.0,0.0,0.0,0.0,0.0,3.0,https://orcid.org/0000-0001-6490-2386,FR
Muriel Lalain,7,Laboratoire Parole et Langage,0.0,0.0,0.0,0.0,0.0,0.0,0.0,0.0,0.0,4.0,0.0,0.0,0.0,0.0,3.0,0,FR
Marie Tahon,7,Université de Rennes,0.0,0.0,0.0,0.0,0.0,0.0,0.0,0.0,0.0,6.0,0.0,0.0,0.0,0.0,1.0,0,FR
Louis Martin,7,Université Gustave Eiffel,0.0,2.0,0.0,0.0,0.0,1.0,0.0,1.0,0.0,2.0,0.0,0.0,0.0,0.0,1.0,https://orcid.org/0000-0002-3426-9601,FR
Aymeric Dieuleveut,7,Institut polytechnique de Paris,6.0,0.0,0.0,0.0,0.0,0.0,0.0,0.0,0.0,0.0,0.0,0.0,1.0,0.0,0.0,0,FR
Eric Charton,7,Aix-Marseille University,0.0,1.0,0.0,0.0,0.0,0.0,0.0,0.0,0.0,4.0,0.0,0.0,0.0,0.0,2.0,https://orcid.org/0000-0003-4647-0895,FR
Sriram Venkatapathy,7,Xerox (France),0.0,2.0,0.0,0.0,2.0,0.0,0.0,1.0,2.0,0.0,0.0,0.0,0.0,0.0,0.0,0,FR
Djamel Mostefa,7,Systran (France),0.0,0.0,0.0,0.0,0.0,0.0,0.0,2.0,0.0,3.0,0.0,0.0,0.0,0.0,2.0,0,FR
Thomas Pellegrini,7,Université de Toulouse,0.0,0.0,0.0,0.0,1.0,0.0,0.0,1.0,0.0,1.0,0.0,0.0,0.0,0.0,4.0,https://orcid.org/0000-0001-8984-1399,FR
Basilio Calderone,7,Université de Toulouse,0.0,1.0,0.0,0.0,0.0,0.0,0.0,2.0,0.0,3.0,0.0,0.0,0.0,0.0,1.0,0,FR
Amel Fraisse,7,Université de Lille,0.0,0.0,0.0,0.0,0.0,0.0,0.0,0.0,2.0,2.0,0.0,0.0,0.0,0.0,3.0,https://orcid.org/0000-0002-8693-8862,FR
Jonathan Chevelu,7,Université de Rennes,1.0,1.0,0.0,0.0,0.0,0.0,0.0,0.0,1.0,1.0,0.0,0.0,0.0,0.0,3.0,0,FR
Beatrice Daille,7,Nantes Université,0.0,0.0,0.0,0.0,0.0,0.0,0.0,0.0,1.0,4.0,0.0,0.0,0.0,0.0,2.0,https://orcid.org/0000-0001-9095-7372,FR
Philippe Suignard,7,Sorbonne Université,0.0,0.0,0.0,0.0,1.0,0.0,0.0,0.0,0.0,0.0,0.0,0.0,0.0,0.0,6.0,0,FR
Alexandre Allauzen,7,Université Paris sciences et lettres,0.0,1.0,0.0,0.0,0.0,0.0,1.0,0.0,1.0,1.0,0.0,1.0,0.0,1.0,1.0,0,FR
Raoul de Charette,7,Université Paris sciences et lettres,0.0,0.0,3.0,1.0,0.0,0.0,0.0,0.0,0.0,0.0,3.0,0.0,0.0,0.0,0.0,0,FR
Nicolas Ballier,7,Centre d'Immunologie et des Maladies Infectieuses,0.0,0.0,0.0,0.0,2.0,0.0,0.0,0.0,0.0,3.0,0.0,0.0,0.0,0.0,2.0,https://orcid.org/0000-0002-0449-0428,FR
Rufin VanRullen,7,Université de Toulouse,4.0,1.0,0.0,0.0,1.0,0.0,1.0,0.0,0.0,0.0,0.0,0.0,0.0,0.0,0.0,https://orcid.org/0000-0002-3611-7716,FR
Nikos Paragios,6,Université Paris-Saclay,2.0,0.0,3.0,1.0,0.0,0.0,0.0,0.0,0.0,0.0,0.0,0.0,0.0,0.0,0.0,0,FR
Stepan Tulyakov,6,Huawei Technologies (France),1.0,0.0,3.0,0.0,0.0,0.0,0.0,0.0,0.0,0.0,2.0,0.0,0.0,0.0,0.0,0,FR
Emilie Kaufmann,6,Université de Lille,6.0,0.0,0.0,0.0,0.0,0.0,0.0,0.0,0.0,0.0,0.0,0.0,0.0,0.0,0.0,0,FR
Olivier Sigaud,6,Sorbonne Université,2.0,0.0,0.0,0.0,0.0,0.0,2.0,0.0,0.0,0.0,0.0,0.0,2.0,0.0,0.0,https://orcid.org/0000-0002-8544-0229,FR
Cédric Févotte,6,Université de Toulouse,4.0,0.0,0.0,0.0,0.0,0.0,0.0,0.0,0.0,0.0,0.0,0.0,2.0,0.0,0.0,https://orcid.org/0000-0003-3801-5534,FR
Maha Elbayad,6,Université Grenoble Alpes,0.0,3.0,0.0,0.0,0.0,0.0,1.0,1.0,1.0,0.0,0.0,0.0,0.0,0.0,0.0,0,FR
Tu Vu,6,Continental (France),0.0,3.0,0.0,0.0,2.0,0.0,0.0,0.0,0.0,0.0,0.0,1.0,0.0,0.0,0.0,https://orcid.org/0000-0001-6422-6509,FR
Loic Landrieu,6,Université Gustave Eiffel,0.0,0.0,4.0,0.0,0.0,0.0,0.0,0.0,0.0,0.0,2.0,0.0,0.0,0.0,0.0,0,FR
Amos Sironi,6,"Laboratoire de Recherche sur la Croissance Cellulaire, la Réparation et la Régénération Tissulaires",1.0,0.0,4.0,0.0,0.0,0.0,0.0,0.0,0.0,0.0,1.0,0.0,0.0,0.0,0.0,0,FR
Himalaya Jain,6,Valeo (France),0.0,0.0,3.0,1.0,0.0,0.0,0.0,0.0,0.0,0.0,2.0,0.0,0.0,0.0,0.0,https://orcid.org/0000-0002-8932-7661,FR
Rémi Gribonval,6,Université de Rennes,2.0,0.0,1.0,0.0,0.0,0.0,2.0,0.0,0.0,0.0,1.0,0.0,0.0,0.0,0.0,0,FR
Mickaël Chen,6,Université Paris Cité,3.0,0.0,1.0,0.0,0.0,0.0,1.0,0.0,0.0,0.0,0.0,0.0,1.0,0.0,0.0,0,FR
Amaury Habrard,6,Université Paris-Saclay,5.0,0.0,0.0,0.0,1.0,0.0,0.0,0.0,0.0,0.0,0.0,0.0,0.0,0.0,0.0,https://orcid.org/0000-0003-3038-9347,FR
Mercedes García-Martínez,6,Université Nantes Angers Le Mans,0.0,2.0,0.0,0.0,0.0,0.0,0.0,4.0,0.0,0.0,0.0,0.0,0.0,0.0,0.0,0,FR
Adrien Bougouin,6,Laboratoire Dynamique du Langage,0.0,0.0,0.0,0.0,0.0,1.0,0.0,0.0,1.0,1.0,0.0,0.0,0.0,0.0,3.0,0,FR
Aurélien Bellet,6,Université de Lille,4.0,0.0,0.0,0.0,0.0,0.0,0.0,0.0,1.0,0.0,0.0,0.0,1.0,0.0,0.0,https://orcid.org/0000-0003-3440-1251,FR
Raphael Troncy,6,Université Paris Cité,0.0,1.0,0.0,0.0,3.0,0.0,0.0,1.0,0.0,0.0,0.0,0.0,0.0,1.0,0.0,https://orcid.org/0000-0003-0457-1436,FR
Giorgio Magri,6,Université Paris Cité,0.0,0.0,0.0,0.0,1.0,0.0,0.0,5.0,0.0,0.0,0.0,0.0,0.0,0.0,0.0,0,FR
Subba Reddy Oota,6,Institut Polytechnique de Bordeaux,0.0,3.0,0.0,0.0,0.0,0.0,0.0,0.0,2.0,0.0,0.0,1.0,0.0,0.0,0.0,0,FR
Odile Mella,6,Strasbourg/Lorraine,0.0,0.0,0.0,0.0,0.0,0.0,0.0,2.0,1.0,3.0,0.0,0.0,0.0,0.0,0.0,0,FR
Guillaume Dubuisson Duplessis,6,Sorbonne Université,0.0,0.0,0.0,0.0,0.0,0.0,0.0,1.0,0.0,2.0,0.0,0.0,0.0,0.0,3.0,0,FR
Mathieu Valette,6,Institut National des Langues et Civilisations Orientales,0.0,0.0,0.0,0.0,0.0,0.0,0.0,2.0,0.0,1.0,0.0,0.0,0.0,0.0,3.0,0,FR
Ruslan Kalitvianski,6,Grenoble Computer Science Laboratory,0.0,0.0,0.0,0.0,0.0,0.0,0.0,3.0,1.0,0.0,0.0,0.0,0.0,0.0,2.0,https://orcid.org/0000-0001-8139-4846,FR
Julien Plu,6,Université de Montpellier,0.0,1.0,0.0,0.0,1.0,0.0,0.0,0.0,0.0,3.0,0.0,0.0,0.0,0.0,1.0,0,FR
Alice Millour,6,Sorbonne Université,0.0,0.0,0.0,0.0,0.0,0.0,0.0,0.0,0.0,3.0,0.0,0.0,0.0,1.0,2.0,0,FR
Adeline Nazarenko,6,Université Paris Cité,0.0,0.0,0.0,0.0,0.0,0.0,0.0,0.0,1.0,3.0,0.0,0.0,0.0,0.0,2.0,0,FR
Imed Laaridh,6,Université de Toulouse,0.0,0.0,0.0,0.0,0.0,0.0,0.0,0.0,0.0,4.0,0.0,0.0,0.0,0.0,2.0,0,FR
Abdessalam Bouchekif,6,Orange (France),0.0,0.0,0.0,0.0,0.0,0.0,0.0,1.0,0.0,1.0,0.0,1.0,0.0,0.0,3.0,0,FR
Natalia Tomashenko,6,Laboratoire Informatique d'Avignon,0.0,1.0,0.0,0.0,1.0,0.0,0.0,1.0,0.0,1.0,0.0,0.0,0.0,0.0,2.0,https://orcid.org/0000-0002-7125-2382,FR
Alexis Michaud,6,Nantes Université,0.0,1.0,0.0,0.0,0.0,0.0,0.0,0.0,0.0,3.0,0.0,0.0,0.0,0.0,2.0,0,FR
Myriam Bras,6,Université de Toulouse,0.0,0.0,0.0,0.0,0.0,0.0,0.0,1.0,1.0,3.0,0.0,0.0,0.0,0.0,1.0,0,FR
Virginie Woisard,6,Université de Toulouse,0.0,0.0,0.0,0.0,0.0,0.0,0.0,0.0,0.0,3.0,0.0,0.0,0.0,0.0,3.0,https://orcid.org/0000-0003-3895-2827,FR
Ilaine Wang,6,Modèles Dynamiques Corpus,0.0,1.0,0.0,0.0,0.0,0.0,0.0,0.0,0.0,4.0,0.0,0.0,0.0,0.0,1.0,0,FR
Florent Lafarge,6,Université Côte d'Azur,0.0,0.0,6.0,0.0,0.0,0.0,0.0,0.0,0.0,0.0,0.0,0.0,0.0,0.0,0.0,0,FR
Mike Gartrell,6,Criteo (France),3.0,0.0,0.0,0.0,0.0,0.0,3.0,0.0,0.0,0.0,0.0,0.0,0.0,0.0,0.0,0,FR
Olivier Bonami,6,Université Paris Cité,0.0,1.0,0.0,0.0,0.0,0.0,0.0,3.0,0.0,1.0,0.0,0.0,0.0,0.0,1.0,https://orcid.org/0000-0003-0688-3855,FR
Ludovic Jean-Louis,6,Université Paris sciences et lettres,0.0,1.0,0.0,0.0,0.0,0.0,0.0,0.0,0.0,3.0,0.0,0.0,0.0,0.0,2.0,0,FR
Anthony Rousseau,6,French National Centre for Scientific Research,0.0,0.0,0.0,0.0,0.0,0.0,0.0,2.0,0.0,3.0,0.0,0.0,0.0,0.0,1.0,https://orcid.org/0000-0002-5074-824X,FR
Julien Velcin,6,Sorbonne Université,0.0,0.0,0.0,0.0,2.0,0.0,0.0,0.0,0.0,1.0,0.0,1.0,0.0,0.0,2.0,https://orcid.org/0000-0002-2262-045X,FR
Hatim Khouzaimi,6,Orange (France),0.0,0.0,0.0,0.0,1.0,0.0,0.0,2.0,0.0,1.0,0.0,0.0,0.0,0.0,2.0,0,FR
Houda Saadane,6,Université Grenoble Alpes,0.0,0.0,0.0,0.0,0.0,1.0,0.0,1.0,0.0,0.0,0.0,0.0,0.0,0.0,4.0,0,FR
Laurent Prévot,6,Université de Montpellier,0.0,4.0,0.0,0.0,0.0,0.0,0.0,2.0,0.0,0.0,0.0,0.0,0.0,0.0,0.0,https://orcid.org/0000-0002-4627-4379,FR
Bruno Gaume,6,Université de Toulouse,0.0,0.0,0.0,0.0,0.0,1.0,0.0,1.0,0.0,0.0,0.0,0.0,0.0,0.0,4.0,https://orcid.org/0000-0002-1998-7170,FR
Romain Brixtel,6,Université de Caen Normandie,0.0,0.0,0.0,0.0,0.0,0.0,0.0,0.0,0.0,0.0,0.0,0.0,0.0,1.0,5.0,0,FR
Iris Eshkol,6,Modèles Dynamiques Corpus,0.0,0.0,0.0,0.0,0.0,0.0,0.0,0.0,0.0,2.0,0.0,0.0,0.0,0.0,4.0,0,FR
Camille Fauth,6,Strasbourg/Lorraine,0.0,0.0,0.0,0.0,0.0,0.0,0.0,0.0,0.0,2.0,0.0,0.0,0.0,0.0,4.0,0,FR
Lionel Ramadier,6,Université Paris-Saclay,0.0,0.0,0.0,0.0,0.0,0.0,0.0,0.0,0.0,1.0,0.0,0.0,0.0,1.0,4.0,0,FR
Pierre Badin,6,Université Grenoble Alpes,0.0,0.0,0.0,0.0,0.0,0.0,0.0,0.0,0.0,0.0,0.0,0.0,0.0,0.0,6.0,https://orcid.org/0000-0001-7440-820X,FR
Pascal Perrier,6,Université Grenoble Alpes,0.0,0.0,0.0,0.0,0.0,0.0,0.0,0.0,0.0,0.0,0.0,0.0,0.0,0.0,6.0,https://orcid.org/0000-0003-2192-4176,FR
Anthony Larcher,6,Le Mans Université,0.0,0.0,0.0,0.0,0.0,0.0,0.0,0.0,0.0,2.0,0.0,0.0,0.0,0.0,4.0,https://orcid.org/0000-0003-4398-0224,FR
Lise Crevier-Buchman,6,Université Paris-Saclay,0.0,0.0,0.0,0.0,0.0,0.0,0.0,0.0,0.0,1.0,0.0,0.0,0.0,0.0,5.0,0,FR
Pierre Ménard,6,Association Clinique et Thérapeutique Infantile du Val de Marne,5.0,0.0,0.0,0.0,0.0,0.0,0.0,0.0,0.0,0.0,0.0,0.0,1.0,0.0,0.0,0,FR
Alexandre Bérard,6,Université Grenoble Alpes,0.0,0.0,0.0,0.0,3.0,0.0,0.0,3.0,0.0,0.0,0.0,0.0,0.0,0.0,0.0,0,FR
Salima Mdhaffar,6,Laboratoire Informatique d'Avignon,0.0,1.0,0.0,0.0,0.0,0.0,0.0,0.0,0.0,3.0,0.0,0.0,0.0,0.0,2.0,0,FR
Julien Launay,6,Nantes Université,3.0,1.0,0.0,0.0,0.0,0.0,0.0,0.0,0.0,1.0,0.0,0.0,1.0,0.0,0.0,0,FR
Valentin Barriere,6,Institut polytechnique de Paris,0.0,2.0,0.0,0.0,0.0,0.0,0.0,1.0,1.0,2.0,0.0,0.0,0.0,0.0,0.0,https://orcid.org/0000-0002-0663-355X,FR
Nicolas Stefanovitch,6,Sorbonne Université,0.0,5.0,0.0,0.0,0.0,0.0,0.0,0.0,0.0,1.0,0.0,0.0,0.0,0.0,0.0,0,FR
Gaël Lejeune,6,Sorbonne Université,0.0,1.0,0.0,0.0,0.0,0.0,0.0,0.0,3.0,1.0,0.0,0.0,0.0,1.0,0.0,https://orcid.org/0000-0002-4795-2362,FR
Karën Fort,6,Sorbonne Université,0.0,1.0,0.0,0.0,0.0,0.0,0.0,0.0,0.0,4.0,0.0,0.0,0.0,1.0,0.0,0,FR
